[
  {
    "text": "<strong>%p</strong> commented on your post: <strong>Not everything is what it seems</strong>",
    "icon": "message-circle"
  },
  {
    "text": "It's <strong>%p</strong>'s birthday today",
    "icon": "cake"
  },
  {
    "text": "<strong>%p</strong> posted a status: <strong>Trying to figure things out one step at a time.</strong>",
    "icon": "pencil"
  },
  {
    "text": "<strong>%p</strong> created a new project: <strong>Smart Morning Alarm</strong>",
    "icon": "alarm"
  },
  {
    "text": "<strong>%p</strong> liked your photo",
    "icon": "heart"
  },
  {
    "text": "<strong>%p</strong> registered a new client: <strong>Trilia Solutions</strong>",
    "icon": "user-plus"
  },
  {
    "text": "<strong>%p</strong> closed a new deal on project: <strong>PPAP Campaign Strategy</strong>",
    "icon": "handshake"
  },
  {
    "text": "<strong>%p</strong> created a new project: <strong>Wikibox Knowledge Platform</strong>",
    "icon": "folder-plus"
  },
  {
    "text": "<strong>%p</strong> changed project status of <strong>Tabler Icons</strong> from <strong>open</strong> to <strong>closed</strong>",
    "icon": "check"
  },
  {
    "text": "<strong>%p</strong> liked the <strong>Tabler UI Kit</strong>",
    "icon": "thumb-up"
  },
  {
    "text": "<strong>%p</strong> shared a new video: <strong>Design Tips for Busy Creators</strong>",
    "icon": "video"
  },
  {
    "text": "<strong>%p</strong> and <strong>3 others</strong> followed you",
    "icon": "user-plus"
  },
  {
    "text": "<strong>%p</strong> uploaded <strong>3 new photos</strong> to category: <strong>Creative Inspirations</strong>",
    "icon": "photo"
  },
  {
    "text": "<strong>%p</strong> made a <strong>$10 donation</strong>",
    "icon": "coin"
  },
  {
    "text": "<strong>%p</strong> created a profile",
    "icon": "id"
  },
  {
    "text": "<strong>%p</strong> hosted the event: <strong>Tabler UI Anniversary</strong>",
    "icon": "calendar-event"
  },
  {
    "text": "<strong>%p</strong> mentioned you in <strong>Best of 2020 Highlights</strong>",
    "icon": "at"
  },
  {
    "text": "<strong>%p</strong> sent a review request to <strong>Amanda Blake</strong>",
    "icon": "send"
  },
  {
    "text": "<strong>%p</strong> posted a photo from her vacation in <strong>Tuscany</strong>",
    "icon": "camera"
  },
  {
    "text": "<strong>%p</strong> shared an article: <strong>Top 10 productivity hacks</strong>",
    "icon": "book"
  },
  {
    "text": "<strong>%p</strong> commented on your photo",
    "icon": "message-circle"
  },
  {
    "text": "<strong>%p</strong> joined the group: <strong>UX Designers Hub</strong>",
    "icon": "users"
  },
  {
    "text": "<strong>%p</strong> uploaded new design mockups",
    "icon": "layout"
  },
  {
    "text": "<strong>%p</strong> reacted with ❤️ to your story",
    "icon": "emoji-heart-eyes"
  },
  {
    "text": "<strong>%p</strong> posted a video: <strong>Building Better Dashboards</strong>",
    "icon": "video"
  },
  {
    "text": "<strong>%p</strong> joined your webinar: <strong>Intro to TypeScript</strong>",
    "icon": "presentation"
  },
  {
    "text": "<strong>%p</strong> commented: <strong>This is so helpful!</strong>",
    "icon": "message-circle"
  },
  {
    "text": "<strong>%p</strong> updated her profile photo",
    "icon": "user-edit"
  },
  {
    "text": "<strong>%p</strong> posted a job listing: <strong>Frontend Developer</strong>",
    "icon": "briefcase"
  },
  {
    "text": "<strong>%p</strong> started following your project: <strong>Clean Code Patterns</strong>",
    "icon": "code"
  },
  {
    "text": "<strong>%p</strong> gave feedback on your latest design",
    "icon": "message-check"
  },
  {
    "text": "<strong>%p</strong> shared a playlist: <strong>Coding Flow</strong>",
    "icon": "music"
  },
  {
    "text": "<strong>%p</strong> joined the event: <strong>Night UI Meetup</strong>",
    "icon": "calendar-plus"
  },
  {
    "text": "<strong>%p</strong> shared a memory: <strong>2 years at Tabler!</strong>",
    "icon": "history"
  },
  {
    "text": "<strong>%p</strong> retweeted your latest post",
    "icon": "repeat"
  },
  {
    "text": "<strong>%p</strong> shared your story to their network",
    "icon": "share"
  },
  {
    "text": "<strong>%p</strong> invited you to collaborate on her workspace",
    "icon": "user-plus"
  },
  {
    "text": "<strong>%p</strong> published a new blog post: <strong>Dark Mode for All</strong>",
    "icon": "article"
  },
  {
    "text": "<strong>%p</strong> mentioned you in a comment",
    "icon": "at"
  },
  {
    "text": "<strong>%p</strong> shared a new design: <strong>Modern Dashboard UI</strong>",
    "icon": "layout"
  },
  {
    "text": "<strong>%p</strong> completed the course: <strong>Advanced React Patterns</strong>",
    "icon": "certificate"
  },
  {
    "text": "<strong>%p</strong> started a new discussion: <strong>Best practices for mobile UI</strong>",
    "icon": "message-square"
  },
  {
    "text": "<strong>%p</strong> reached <strong>1000 followers</strong> milestone",
    "icon": "trophy"
  },
  {
    "text": "<strong>%p</strong> published a tutorial: <strong>Building Responsive Components</strong>",
    "icon": "book-open"
  },
  {
    "text": "<strong>%p</strong> organized a workshop: <strong>Design System Fundamentals</strong>",
    "icon": "users-group"
  },
  {
    "text": "<strong>%p</strong> contributed to <strong>Open Source Project</strong>",
    "icon": "git-branch"
  },
  {
    "text": "<strong>%p</strong> received a <strong>5-star review</strong> on their latest work",
    "icon": "star"
  },
  {
    "text": "<strong>%p</strong> launched a new product: <strong>TaskFlow Pro</strong>",
    "icon": "rocket"
  },
  {
    "text": "<strong>%p</strong> joined the mentorship program",
    "icon": "graduation-cap"
  },
  {
    "text": "<strong>%p</strong> created a design challenge: <strong>Minimalist Dashboard</strong>",
    "icon": "target"
  },
  {
    "text": "<strong>%p</strong> won the <strong>Design Award 2024</strong>",
    "icon": "award"
  },
  {
    "text": "<strong>%p</strong> started a podcast: <strong>Design & Development</strong>",
    "icon": "microphone"
  },
  {
    "text": "<strong>%p</strong> completed a <strong>30-day design challenge</strong>",
    "icon": "calendar-check"
  },
  {
    "text": "<strong>%p</strong> became a <strong>verified designer</strong>",
    "icon": "badge-check"
  },
  {
    "text": "<strong>%p</strong> published a case study: <strong>Redesigning E-commerce UX</strong>",
    "icon": "file-text"
  },
  {
    "text": "<strong>%p</strong> hosted a live stream: <strong>Design Q&A Session</strong>",
    "icon": "video-plus"
  },
  {
    "text": "<strong>%p</strong> created a design system: <strong>Component Library v2.0</strong>",
    "icon": "library"
  },
  {
    "text": "<strong>%p</strong> reached <strong>50k downloads</strong> on their template",
    "icon": "download"
  },
  {
    "text": "<strong>%p</strong> started a newsletter: <strong>Weekly Design Insights</strong>",
    "icon": "mail"
  },
  {
    "text": "<strong>%p</strong> collaborated on <strong>Community Design Project</strong>",
    "icon": "users"
  },
  {
    "text": "<strong>%p</strong> published a research paper: <strong>UI/UX Trends 2024</strong>",
    "icon": "file-search"
  },
  {
    "text": "<strong>%p</strong> became a <strong>featured creator</strong>",
    "icon": "crown"
  }
]