[
  {
    "channel": "Facebook",
    "icon": "brand-facebook",
    "visitors": 11873,
    "revenues": 8423.78,
    "sales": 336,
    "conversion": 2.83,
    "bounceRate": 45.6,
    "sessionDuration": 183,
    "pagesPerSession": 3.1,
    "costPerAcquisition": 7.22,
    "clickThroughRate": 1.8
  },
  {
    "channel": "Github",
    "icon": "brand-github",
    "visitors": 5372,
    "revenues": 4876.12,
    "sales": 188,
    "conversion": 3.50,
    "bounceRate": 32.4,
    "sessionDuration": 246,
    "pagesPerSession": 4.5,
    "costPerAcquisition": 5.75,
    "clickThroughRate": 2.1
  },
  {
    "channel": "Twitter",
    "icon": "brand-twitter",
    "visitors": 7941,
    "revenues": 6184.39,
    "sales": 272,
    "conversion": 3.42,
    "bounceRate": 39.1,
    "sessionDuration": 174,
    "pagesPerSession": 3.3,
    "costPerAcquisition": 6.90,
    "clickThroughRate": 1.6
  },
  {
    "channel": "LinkedIn",
    "icon": "brand-linkedin",
    "visitors": 3127,
    "revenues": 2748.56,
    "sales": 121,
    "conversion": 3.87,
    "bounceRate": 28.9,
    "sessionDuration": 209,
    "pagesPerSession": 4.0,
    "costPerAcquisition": 6.10,
    "clickThroughRate": 2.3
  },
  {
    "channel": "Instagram",
    "icon": "brand-instagram",
    "visitors": 9442,
    "revenues": 7632.91,
    "sales": 308,
    "conversion": 3.26,
    "bounceRate": 41.2,
    "sessionDuration": 192,
    "pagesPerSession": 3.4,
    "costPerAcquisition": 6.15,
    "clickThroughRate": 1.9
  },
  {
    "channel": "Reddit",
    "icon": "brand-reddit",
    "visitors": 4347,
    "revenues": 3311.34,
    "sales": 147,
    "conversion": 3.38,
    "bounceRate": 46.8,
    "sessionDuration": 167,
    "pagesPerSession": 2.9,
    "costPerAcquisition": 7.10,
    "clickThroughRate": 1.5
  },
  {
    "channel": "YouTube",
    "icon": "brand-youtube",
    "visitors": 14856,
    "revenues": 10573.44,
    "sales": 393,
    "conversion": 2.64,
    "bounceRate": 38.7,
    "sessionDuration": 221,
    "pagesPerSession": 3.6,
    "costPerAcquisition": 6.55,
    "clickThroughRate": 2.0
  },
  {
    "channel": "Pinterest",
    "icon": "brand-pinterest",
    "visitors": 3879,
    "revenues": 2824.07,
    "sales": 132,
    "conversion": 3.40,
    "bounceRate": 36.2,
    "sessionDuration": 195,
    "pagesPerSession": 3.7,
    "costPerAcquisition": 6.00,
    "clickThroughRate": 1.7
  },
  {
    "channel": "TikTok",
    "icon": "brand-tiktok",
    "visitors": 8749,
    "revenues": 6887.63,
    "sales": 293,
    "conversion": 3.35,
    "bounceRate": 43.0,
    "sessionDuration": 181,
    "pagesPerSession": 3.2,
    "costPerAcquisition": 6.40,
    "clickThroughRate": 1.8
  },
  {
    "channel": "Dribbble",
    "icon": "brand-dribbble",
    "visitors": 2623,
    "revenues": 2113.28,
    "sales": 99,
    "conversion": 3.78,
    "bounceRate": 29.6,
    "sessionDuration": 204,
    "pagesPerSession": 4.1,
    "costPerAcquisition": 5.90,
    "clickThroughRate": 2.2
  }
]