[
  {
    "name": "United States",
    "flag": "us",
    "code": "us"
  },
  {
    "name": "United Kingdom",
    "flag": "gb",
    "code": "gb"
  },
  {
    "name": "Germany",
    "flag": "de",
    "code": "de"
  },
  {
    "name": "France",
    "flag": "fr",
    "code": "fr"
  },
  {
    "name": "Poland",
    "flag": "pl",
    "code": "pl"
  },
  {
    "name": "Spain",
    "flag": "es",
    "code": "es"
  },
  {
    "name": "Italy",
    "flag": "it",
    "code": "it"
  },
  {
    "name": "Canada",
    "flag": "ca",
    "code": "ca"
  },
  {
    "name": "Australia",
    "flag": "au",
    "code": "au"
  },
  {
    "name": "Japan",
    "flag": "jp",
    "code": "jp"
  }
]

