[
  {
    "name": "Bitcoin",
    "symbol": "BTC",
    "price": "$110,237",
    "p24h": 0,
    "market-cap": "$2,198,205,761,681",
    "circulating-supply": "19,943,003 BTC",
    "volume-24h": "$34,042,670,971",
    "cmgr": "8.11% / 57",
    "inflation": "0.36%",
    "icon": "bitcoin.svg"
  },
  {
    "name": "Ethereum",
    "symbol": "ETH",
    "price": "$3,890.16",
    "p24h": 1,
    "market-cap": "$469,527,098,235",
    "circulating-supply": "120,697,920 ETH",
    "volume-24h": "$18,899,881,132",
    "cmgr": "22.62% / 29",
    "inflation": "0.64%",
    "icon": "ethereum.svg"
  },
  {
    "name": "Ripple",
    "symbol": "XRP",
    "price": "$2.5",
    "p24h": -1,
    "market-cap": "$150,202,261,516",
    "circulating-supply": "60,107,199,237 XRP",
    "volume-24h": "$2,510,205,283",
    "cmgr": "10.85% / 53",
    "inflation": "0.06%",
    "icon": "ripple.svg"
  },
  {
    "name": "Bitcoin Cash",
    "symbol": "BCH",
    "price": "$552.65",
    "p24h": -1,
    "market-cap": "$11,023,729,680",
    "circulating-supply": "19,947,141 BCH",
    "volume-24h": "$318,920,049",
    "cmgr": "21.30% / 6",
    "inflation": "0.32%"
  },
  {
    "name": "Cardano",
    "symbol": "ADA",
    "price": "$0.6104",
    "p24h": 0,
    "market-cap": "$22,307,571,742",
    "circulating-supply": "36,581,028,962 ADA",
    "volume-24h": "$866,976,297",
    "cmgr": "205.35% / 3",
    "inflation": "0.00%",
    "icon": "cardano.svg"
  },
  {
    "name": "Litecoin",
    "symbol": "LTC",
    "price": "$98.6",
    "p24h": 3,
    "market-cap": "$7,542,380,795",
    "circulating-supply": "76,472,846 LTC",
    "volume-24h": "$618,605,108",
    "cmgr": "6.87% / 57",
    "inflation": "0.80%",
    "icon": "litecoin.svg"
  },
  {
    "name": "EOS",
    "symbol": "EOS",
    "price": "$13.394",
    "p24h": 5,
    "market-cap": "$8,420,143,033",
    "circulating-supply": "621,412,800 EOS",
    "volume-24h": "$2,864,780,000",
    "cmgr": "53.25% / 6",
    "inflation": "11.56%",
    "icon": "eos.svg"
  },
  {
    "name": "NEM",
    "symbol": "XEM",
    "price": "$0.935049",
    "p24h": -11,
    "market-cap": "$8,415,440,999",
    "circulating-supply": "8,999,999,488 XEM",
    "volume-24h": "$66,061,000",
    "cmgr": "26.99% / 33",
    "inflation": "0.24%",
    "icon": "nem.svg"
  },
  {
    "name": "Stellar",
    "symbol": "XLM",
    "price": "$0.3053",
    "p24h": -1,
    "market-cap": "$9,786,919,748",
    "circulating-supply": "32,048,616,355 XLM",
    "volume-24h": "$145,179,714",
    "cmgr": "13.12% / 41",
    "inflation": "0.19%"
  },
  {
    "name": "NEO",
    "symbol": "NEO",
    "price": "$118.61",
    "p24h": -9,
    "market-cap": "$7,693,400,000",
    "circulating-supply": "65,000,000 NEO",
    "volume-24h": "$318,308,000",
    "cmgr": "62.68% / 15",
    "inflation": "0.00%"
  },
  {
    "name": "IOTA",
    "symbol": "MIOTA",
    "price": "$2.34",
    "p24h": -14,
    "market-cap": "$6,504,100,862",
    "circulating-supply": "2,779,530,240 MIOTA",
    "volume-24h": "$103,132,000",
    "cmgr": "23.27% / 7",
    "inflation": "-0.02%"
  },
  {
    "name": "Dash",
    "symbol": "DASH",
    "price": "$747.222",
    "p24h": -8,
    "market-cap": "$5,881,413,815",
    "circulating-supply": "7,833,738 DASH",
    "volume-24h": "$96,147,900",
    "cmgr": "19.19% / 47",
    "inflation": "0.81%",
    "icon": "dash.svg"
  },
  {
    "name": "Monero",
    "symbol": "XMR",
    "price": "$342.08",
    "p24h": 4,
    "market-cap": "$6,310,740,817",
    "circulating-supply": "18,446,744 XMR",
    "volume-24h": "$151,720,448",
    "cmgr": "11.88% / 44",
    "inflation": "0.78%"
  },
  {
    "name": "TRON",
    "symbol": "TRX",
    "price": "$0.2968",
    "p24h": 0,
    "market-cap": "$28,094,476,315",
    "circulating-supply": "94,666,027,313 TRX",
    "volume-24h": "$461,576,512",
    "cmgr": "142.69% / 4",
    "inflation": "0.00%"
  },
  {
    "name": "Bitcoin Gold",
    "symbol": "BTG",
    "price": "$110,237",
    "p24h": 0,
    "market-cap": "$2,198,205,761,681",
    "circulating-supply": "19,943,003 BTC",
    "volume-24h": "$34,042,670,971",
    "cmgr": "-25.44% / 3",
    "inflation": "0.34%"
  },
  {
    "name": "ICON",
    "symbol": "ICX",
    "price": "$7.90",
    "p24h": -10,
    "market-cap": "$3,002,355,531",
    "circulating-supply": "380,044,992 ICX",
    "volume-24h": "$78,201,200",
    "cmgr": "179.33% / 3",
    "inflation": "90.09%"
  },
  {
    "name": "Qtum",
    "symbol": "QTUM",
    "price": "$38.37",
    "p24h": -9,
    "market-cap": "$2,832,729,404",
    "circulating-supply": "73,826,672 QTUM",
    "volume-24h": "$593,524,000",
    "cmgr": "30.43% / 8",
    "inflation": "0.11%"
  },
  {
    "name": "Ethereum Classic",
    "symbol": "ETC",
    "price": "$16.33",
    "p24h": 2,
    "market-cap": "$2,518,726,049",
    "circulating-supply": "154,152,501 ETC",
    "volume-24h": "$58,804,249",
    "cmgr": "22.79% / 18",
    "inflation": "0.74%"
  },
  {
    "name": "Lisk",
    "symbol": "LSK",
    "price": "$20.48",
    "p24h": -6,
    "market-cap": "$2,401,760,051",
    "circulating-supply": "117,273,440 LSK",
    "volume-24h": "$44,483,500",
    "cmgr": "12.05% / 21",
    "inflation": "0.86%"
  },
  {
    "name": "VeChain",
    "symbol": "VET",
    "price": "$0.0162",
    "p24h": 3,
    "market-cap": "$1,395,936,275",
    "circulating-supply": "85,985,041,177 VET",
    "volume-24h": "$23,302,094",
    "cmgr": "101.15% / 5",
    "inflation": "-0.06%"
  },
  {
    "name": "RaiBlocks",
    "symbol": "XRB",
    "price": "$14.46",
    "p24h": -15,
    "market-cap": "$1,926,770,258",
    "circulating-supply": "133,248,288 XRB",
    "volume-24h": "$13,331,500",
    "cmgr": "112.15% / 10",
    "inflation": "0.06%"
  },
  {
    "name": "Tether",
    "symbol": "USDT",
    "price": "$0.9999",
    "p24h": 0,
    "market-cap": "$183,435,317,256",
    "circulating-supply": "183,453,580,926 USDT",
    "volume-24h": "$64,663,648,727",
    "cmgr": "0.03% / 33",
    "inflation": "33.71%"
  },
  {
    "name": "OmiseGO",
    "symbol": "OMG",
    "price": "$14.83",
    "p24h": -11,
    "market-cap": "$1,532,679,131",
    "circulating-supply": "102,042,552 OMG",
    "volume-24h": "$63,574,500",
    "cmgr": "50.49% / 6",
    "inflation": "-0.04%"
  },
  {
    "name": "Populous",
    "symbol": "PPT",
    "price": "$41.22",
    "p24h": -3,
    "market-cap": "$1,525,305,992",
    "circulating-supply": "37,004,028 PPT",
    "volume-24h": "$2,271,650",
    "cmgr": "58.49% / 6",
    "inflation": "-10.29%"
  },
  {
    "name": "Zcash",
    "symbol": "ZEC",
    "price": "$415.45",
    "p24h": 9,
    "market-cap": "$6,842,634,549",
    "circulating-supply": "16,363,300 ZEC",
    "volume-24h": "$1,346,069,232",
    "cmgr": "-13.51% / 15",
    "inflation": "7.44%"
  },
  {
    "name": "Verge",
    "symbol": "XVG",
    "price": "$0.089875",
    "p24h": -13,
    "market-cap": "$1,303,358,298",
    "circulating-supply": "14,501,900,288 XVG",
    "volume-24h": "$75,841,900",
    "cmgr": "27.95% / 39",
    "inflation": "2.06%"
  },
  {
    "name": "Binance Coin",
    "symbol": "BNB",
    "price": "$1,092.01",
    "p24h": 1,
    "market-cap": "$150,411,565,706",
    "circulating-supply": "137,737,889 BNB",
    "volume-24h": "$1,318,099,462",
    "cmgr": "122.80% / 6",
    "inflation": "0.08%"
  },
  {
    "name": "Siacoin",
    "symbol": "SC",
    "price": "$0.037594",
    "p24h": -13,
    "market-cap": "$1,180,306,719",
    "circulating-supply": "31,396,145,152 SC",
    "volume-24h": "$58,783,600",
    "cmgr": "26.70% / 29",
    "inflation": "0.00%"
  },
  {
    "name": "Stratis",
    "symbol": "STRAT",
    "price": "$11.50",
    "p24h": -13,
    "market-cap": "$1,135,175,764",
    "circulating-supply": "98,710,936 STRAT",
    "volume-24h": "$25,548,100",
    "cmgr": "49.79% / 17",
    "inflation": "-0.02%"
  },
  {
    "name": "Bytecoin",
    "symbol": "BCN",
    "price": "$0.006127",
    "p24h": -8,
    "market-cap": "$1,125,403,469",
    "circulating-supply": "183,679,369,216 BCN",
    "volume-24h": "$7,904,870",
    "cmgr": "11.39% / 43",
    "inflation": "0.23%"
  }
]
