{
  "sell_orders": [
    {
      "price": "0.00091279",
      "btc": "0.55002151",
      "sum": "0.55002151"
    },
    {
      "price": "0.00092146",
      "btc": "1.97294243",
      "sum": "2.52296394"
    },
    {
      "price": "0.00094672",
      "btc": "0.67387767",
      "sum": "3.19684161"
    },
    {
      "price": "0.00095269",
      "btc": "0.93727595",
      "sum": "4.13411756"
    },
    {
      "price": "0.00095926",
      "btc": "0.8976753",
      "sum": "5.03179286"
    },
    {
      "price": "0.00097736",
      "btc": "0.94088124",
      "sum": "5.9726741"
    },
    {
      "price": "0.00100026",
      "btc": "0.51299752",
      "sum": "6.48567162"
    },
    {
      "price": "0.00102267",
      "btc": "1.18050103",
      "sum": "7.66617265"
    },
    {
      "price": "0.00104506",
      "btc": "1.17318909",
      "sum": "8.83936174"
    },
    {
      "price": "0.00104974",
      "btc": "2.19498873",
      "sum": "11.03435047"
    }
  ],
  "buy_orders": [
    {
      "price": "0.00088217",
      "btc": "2.59949934",
      "sum": "2.59949934"
    },
    {
      "price": "0.00085874",
      "btc": "0.9852387",
      "sum": "3.58473804"
    },
    {
      "price": "0.00084954",
      "btc": "2.39434245",
      "sum": "5.97908049"
    },
    {
      "price": "0.0008322",
      "btc": "2.31112332",
      "sum": "8.29020381"
    },
    {
      "price": "0.00081524",
      "btc": "2.66443099",
      "sum": "10.9546348"
    },
    {
      "price": "0.00080303",
      "btc": "1.79223619",
      "sum": "12.74687099"
    },
    {
      "price": "0.00077858",
      "btc": "1.61051825",
      "sum": "14.35738924"
    },
    {
      "price": "0.00075508",
      "btc": "0.71279599",
      "sum": "15.07018523"
    },
    {
      "price": "0.00073013",
      "btc": "0.89425132",
      "sum": "15.96443655"
    },
    {
      "price": "0.00071941",
      "btc": "1.85521536",
      "sum": "17.81965191"
    }
  ]
}