[
  {
    "name": "Čeština",
    "flag": "cz",
    "code": "cs"
  },
  {
    "name": "Deutsch",
    "flag": "de",
    "code": "de"
  },
  {
    "name": "Ελληνικά",
    "flag": "gr",
    "code": "el"
  },
  {
    "name": "English",
    "flag": "gb",
    "code": "en"
  },
  {
    "name": "Español",
    "flag": "es",
    "code": "es"
  },
  {
    "name": "Français",
    "flag": "fr",
    "code": "fr"
  },
  {
    "name": "हिंदी",
    "flag": "in",
    "code": "hi"
  },
  {
    "name": "Magyar",
    "flag": "hu",
    "code": "hu"
  },
  {
    "name": "Bahasa Indonesia",
    "flag": "id",
    "code": "id"
  },
  {
    "name": "Italiano",
    "flag": "it",
    "code": "it"
  },
  {
    "name": "日本語",
    "flag": "jp",
    "code": "ja"
  },
  {
    "name": "한국어",
    "flag": "kr",
    "code": "ko"
  },
  {
    "name": "Nederlands (Nederland)",
    "flag": "ne",
    "code": "nl"
  },
  {
    "name": "Polski",
    "flag": "pl",
    "code": "pl"
  },
  {
    "name": "Português",
    "flag": "pt",
    "code": "pt"
  },
  {
    "name": "Română",
    "flag": "ro",
    "code": "ro"
  },
  {
    "name": "Русский",
    "flag": "ru",
    "code": "ru"
  },
  {
    "name": "ภาษาไทย",
    "flag": "th",
    "code": "th"
  },
  {
    "name": "Türkçe",
    "flag": "tr",
    "code": "tr"
  },
  {
    "name": "Українською",
    "flag": "ua",
    "code": "uk"
  },
  {
    "name": "Tiếng Việt",
    "flag": "vn",
    "code": "vi"
  },
  {
    "name": "中文",
    "flag": "cn",
    "code": "zh"
  }
]