{
  "dashboards": {
    "title": "Dashboards",
    "icon": "home",
    "children": {
      "default": {
        "url": "index.html",
        "title": "Default"
      },
      "crypto": {
        "url": "dashboard-crypto.html",
        "title": "Crypto"
      }
    }
  },
  "base": {
    "title": "Interface",
    "icon": "package",
    "columns": 2,
    "children": {
      "all-elements": {
        "title": "All Elements",
        "url": "all-elements.html"
      },
      "accordion": {
        "title": "Accordion",
        "url": "accordion.html",
        "badge": "New"
      },
      "alerts": {
        "title": "Alerts",
        "url": "alerts.html"
      },
      "authentication": {
        "title": "Authentication",
        "children": {
          "sign-in": {
            "title": "Sign in",
            "url": "sign-in.html"
          },
          "sign-in-link": {
            "title": "Sign in link",
            "url": "sign-in-link.html"
          },
          "sign-in-illustration": {
            "title": "Sign in with illustration",
            "url": "sign-in-illustration.html"
          },
          "sign-in-cover": {
            "title": "Sign in with cover",
            "url": "sign-in-cover.html"
          },
          "sign-up": {
            "title": "Sign up",
            "url": "sign-up.html"
          },
          "forgot-password": {
            "title": "Forgot password",
            "url": "forgot-password.html"
          },
          "terms-of-service": {
            "title": "Terms of service",
            "url": "terms-of-service.html"
          },
          "auth-lock": {
            "title": "Lock screen",
            "url": "auth-lock.html"
          },
          "2-step-verification": {
            "title": "2 step verification",
            "url": "2-step-verification.html"
          },
          "2-step-verification-code": {
            "title": "2 step verification code",
            "url": "2-step-verification-code.html"
          }
        }
      },
      "avatars": {
        "url": "avatars.html",
        "title": "Avatars",
        "badge": "New"
      },
      "badges": {
        "url": "badges.html",
        "title": "Badges"
      },
      "blank": {
        "title": "Blank page",
        "url": "blank.html"
      },
      "buttons": {
        "url": "buttons.html",
        "title": "Buttons"
      },
      "cards": {
        "title": "Cards",
        "children": {
          "base": {
            "url": "cards.html",
            "title": "Sample cards"
          },
          "actions": {
            "url": "card-actions.html",
            "title": "Card actions",
            "badge": "New"
          },
          "masonry": {
            "url": "cards-masonry.html",
            "title": "Cards Masonry"
          }
        }
      },
      "carousel": {
        "title": "Carousel",
        "url": "carousel.html"
      },
      "colors": {
        "url": "colors.html",
        "title": "Colors"
      },
      "datagrid": {
        "url": "datagrid.html",
        "title": "Data grid"
      },
      "dropdowns": {
        "url": "dropdowns.html",
        "title": "Dropdowns"
      },
      "error": {
        "title": "Error pages",
        "children": {
          "404": {
            "url": "error-404.html",
            "title": "404 page"
          },
          "500": {
            "url": "error-500.html",
            "title": "500 page"
          },
          "maintenance": {
            "url": "error-maintenance.html",
            "title": "Maintenance page"
          }
        }
      },
      "lists": {
        "title": "Lists",
        "url": "lists.html"
      },
      "modals": {
        "url": "modals.html",
        "title": "Modals"
      },
      "markdown": {
        "title": "Markdown",
        "url": "markdown.html"
      },
      "navigation": {
        "url": "navigation.html",
        "title": "Navigation"
      },
      "offcanvas": {
        "title": "Offcanvas",
        "url": "offcanvas.html"
      },
      "pagination": {
        "url": "pagination.html",
        "title": "Pagination"
      },
      "placeholder": {
        "url": "placeholder.html",
        "title": "Placeholder"
      },
      "progress": {
        "url": "progress.html",
        "title": "Progress",
        "badge": "New"
      },
      "segmented-control": {
        "title": "Segmented control",
        "url": "segmented-control.html",
        "badge": "New"
      },
      "scroll-spy": {
        "title": "Scroll spy",
        "url": "scroll-spy.html",
        "badge": "New"
      },
      "social": {
        "title": "Social icons",
        "url": "social-icons.html"
      },
      "stars-rating": {
        "title": "Stars rating",
        "url": "stars-rating.html"
      },
      "steps": {
        "url": "steps.html",
        "title": "Steps"
      },
      "tables": {
        "url": "tables.html",
        "title": "Tables"
      },
      "tabs": {
        "url": "tabs.html",
        "title": "Tabs"
      },
      "tags": {
        "url": "tags.html",
        "title": "Tags"
      },
      "toasts": {
        "title": "Toasts",
        "url": "toasts.html"
      },
      "typography": {
        "title": "Typography",
        "url": "typography.html"
      }
    }
  },
  "form": {
    "title": "Forms",
    "icon": "checkbox",
    "children": {
      "elements": {
        "url": "form-elements.html",
        "title": "Form elements"
      },
      "layout": {
        "url": "form-layout.html",
        "title": "Form layouts",
        "badge": "New"
      }
    }
  },
  "extra": {
    "title": "Extra",
    "icon": "star",
    "columns": 2,
    "children": {
      "activity": {
        "title": "Activity",
        "url": "activity.html"
      },
      "chat": {
        "title": "Chat",
        "url": "chat.html"
      },
      "email-inbox": {
        "title": "Email inbox",
        "url": "email-inbox.html",
        "badge": "New"
      },
      "cookie-banner": {
        "title": "Cookie banner",
        "url": "cookie-banner.html"
      },
      "empty": {
        "title": "Empty page",
        "url": "empty.html"
      },
      "faq": {
        "url": "faq.html",
        "title": "FAQ"
      },
      "gallery": {
        "title": "Gallery",
        "url": "gallery.html"
      },
      "invoice": {
        "title": "Invoice",
        "url": "invoice.html"
      },
      "pay": {
        "title": "Pay",
        "url": "pay.html"
      },
      "job-listing": {
        "title": "Job listing",
        "url": "job-listing.html"
      },
      "license": {
        "title": "License",
        "url": "license.html"
      },
      "logs": {
        "title": "Logs",
        "url": "logs.html"
      },
      "marketing": {
        "title": "Marketing",
        "url": "marketing/index.html"
      },
      "music": {
        "title": "Music",
        "url": "music.html"
      },
      "page-loader": {
        "title": "Page loader",
        "url": "page-loader.html"
      },
      "photogrid": {
        "title": "Photogrid",
        "url": "photogrid.html"
      },
      "pricing": {
        "url": "pricing.html",
        "title": "Pricing cards"
      },
      "pricing-table": {
        "url": "pricing-table.html",
        "title": "Pricing table"
      },
      "search-results": {
        "title": "Search results",
        "url": "search-results.html"
      },
      "settings": {
        "title": "Settings",
        "url": "settings.html"
      },
      "signatures": {
        "title": "Signatures",
        "url": "signatures.html",
        "badge": "New"
      },
      "tasks": {
        "title": "Tasks",
        "children": {
          "kanban": {
            "title": "Kanban",
            "url": "tasks.html"
          },
          "list": {
            "title": "Task List",
            "url": "tasks-list.html"
          }
        }
      },
      "text-features": {
        "title": "Text features",
        "url": "text-features.html",
        "badge": "New"
      },
      "trial-ended": {
        "title": "Trial ended",
        "url": "trial-ended.html"
      },
      "uptime": {
        "title": "Uptime monitor",
        "url": "uptime.html"
      },
      "users": {
        "title": "Users",
        "url": "users.html"
      },
      "widgets": {
        "title": "Widgets",
        "url": "widgets.html"
      },
      "wizard": {
        "title": "Wizard",
        "url": "wizard.html"
      }
    }
  },
  "layout": {
    "icon": "layout-2",
    "title": "Layout",
    "columns": 2,
    "children": {
      "boxed": {
        "url": "layout-boxed.html",
        "title": "Boxed"
      },
      "combo": {
        "url": "layout-combo.html",
        "title": "Combined"
      },
      "condensed": {
        "url": "layout-condensed.html",
        "title": "Condensed"
      },
      "fluid": {
        "url": "layout-fluid.html",
        "title": "Fluid"
      },
      "fluid-vertical": {
        "url": "layout-fluid-vertical.html",
        "title": "Fluid vertical"
      },
      "horizontal": {
        "url": "layout-horizontal.html",
        "title": "Horizontal"
      },
      "navbar-dark": {
        "url": "layout-navbar-dark.html",
        "title": "Navbar dark"
      },
      "navbar-overlap": {
        "url": "layout-navbar-overlap.html",
        "title": "Navbar overlap"
      },
      "navbar-sticky": {
        "url": "layout-navbar-sticky.html",
        "title": "Navbar sticky"
      },
      "vertical-right": {
        "url": "layout-vertical-right.html",
        "title": "Right vertical"
      },
      "rtl-mode": {
        "url": "layout-rtl.html",
        "title": "RTL mode"
      },
      "vertical": {
        "url": "layout-vertical.html",
        "title": "Vertical"
      },
      "vertical-transparent": {
        "url": "layout-vertical-transparent.html",
        "title": "Vertical transparent"
      }
    }
  },
  "plugins": {
    "title": "Plugins",
    "icon": "puzzle",
    "children": {
      "charts": {
        "url": "charts.html",
        "title": "Charts"
      },
      "colorpicker": {
        "url": "colorpicker.html",
        "title": "Color picker"
      },
      "datatables": {
        "url": "datatables.html",
        "title": "Datatables"
      },
      "dropzone": {
        "title": "Dropzone",
        "url": "dropzone.html"
      },
      "sortable": {
        "title": "Sortable",
        "url": "sortable.html"
      },
      "fullcalendar": {
        "url": "fullcalendar.html",
        "title": "Fullcalendar"
      },
      "plyr": {
        "title": "Inline player",
        "url": "inline-player.html"
      },
      "lightbox": {
        "title": "Lightbox",
        "url": "lightbox.html"
      },
      "maps": {
        "url": "maps.html",
        "title": "Map"
      },
      "map-fullsize": {
        "url": "map-fullsize.html",
        "title": "Map fullsize"
      },
      "maps-vector": {
        "url": "maps-vector.html",
        "title": "Map vector"
      },
      "turbo": {
        "url": "turbo-loader.html",
        "title": "Turbo loader"
      },
      "wysiwyg": {
        "url": "wysiwyg.html",
        "title": "WYSIWYG editor"
      }
    }
  },
  "addons": {
    "title": "Addons",
    "icon": "gift",
    "children": {
      "icons": {
        "title": "Icons",
        "url": "icons.html"
      },
      "emails": {
        "title": "Emails",
        "url": "emails.html"
      },
      "flags": {
        "title": "Flags",
        "url": "flags.html"
      },
      "illustrations": {
        "title": "Illustrations",
        "url": "illustrations.html"
      },
      "payment-providers": {
        "title": "Payment providers",
        "url": "payment-providers.html"
      }
    }
  },
  "help": {
    "title": "Help",
    "icon": "lifebuoy",
    "children": {
      "docs": {
        "title": "Documentation",
        "url": "https://tabler.io/docs"
      },
      "changelog": {
        "url": "changelog.html",
        "title": "Changelog"
      },
      "source-code": {
        "url": "https://github.com/tabler/tabler",
        "title": "Source code"
      },
      "sponsor": {
        "color": "pink",
        "icon": "heart",
        "url": "https://github.com/sponsors/codecalm",
        "title": "Sponsor project!"
      }
    }
  }
}