{
  "css": "sha384-b08Yxo9kzlsLLcHA4bMBkC8EAIBeP3G8rhhIT584owzLn88bcWJkSVtGZMc78Rax",
  "css-rtl": "sha384-EVH/sV9+QVa/y7Vl1JFsVYjru0/gKkqDf8zBqdfu2R8t84BwCBeV7jsu7kQ93abg",
  "css-flags": "sha384-kmvP0hkBXZ2hMSZlbvE1Q2HIXzPCQRL3ijUeqNiwaPd2nl2Aks+s3gW+V5fAHOX9",
  "css-flags-rtl": "sha384-Q/h6koANGclsGnwB8rvF8h84H54NKHDeNWFj6yiE4WLLEXyHcz+Zu6Afkh2ssYTC",
  "css-marketing": "sha384-4dAlYnPzCom9yeC/5++PFq2FG/szJRlUPsDSrjZ3EWP8IAzK7g7rrsnSfqrS67Se",
  "css-marketing-rtl": "sha384-c6gNhuNYjp+lqluSdArbL8ciLEBq7IVU00XnPM2Eogj8RAjMapccvOM/pGhk3vV6",
  "css-payments": "sha384-xWIXbKxPLGG/ZEGUKxDjJn3xmUgd2PC2CSZUKJ4PyTse49DiuvJx2WT5wSNJRyw9",
  "css-payments-rtl": "sha384-69CxgA+uEPtM07SLA8MMAdnBmwtVGndDJf8nIPdfvNrDayBfPqOK3wS3nvV5yyk+",
  "css-socials": "sha384-eWmz8gyiLzrDw3JcT/PJxjGyKizQjvByfHqocjrMMkIrbKFCnOuP/qMwAz3bHmsC",
  "css-socials-rtl": "sha384-yobKDIyTOxB1z7t/uZ2ImuXrcKWF24vDYg2vR1n7x2msF09iWnvyIxQtfEl9+OFl",
  "css-props": "sha384-HpzBfAj1xJcNLtdedYZunJBHqgdO12KqrCrc6/7pmKDiP8YmUF71cm+iGBtVawWM",
  "css-props-rtl": "sha384-/vKK+yuQsAI8lJmR4uothydKQAHFK+fp1QrbJnfk2deAzII9WUj3h5rXUxZPyUAo",
  "css-themes": "sha384-jTe/MdN6BlY4S3eYe6Qw++yTjuezmVnxWp/l7GAG1qXGC+jttphHqsAN/bGPvJOk",
  "css-themes-rtl": "sha384-WTp4aZ+OGqnkNR6Xe0sJwwfd0JHGq3dZTLU2ITKxTK2zjcJTBUMY/+Z4eXgm8ipF",
  "css-vendors-rtl": "sha384-V555LUGE2xyN4wNbzdVMgsajsKmJdlLFm20Ws72jEyPiSsTXXITV0PebNzVeBjnb",
  "css-vendors": "sha384-+X7+c/noY2B9ieq9daEaVStkUhIFyJTO5T6Occ6jZisx57sbECetvloLqcvGahUv",
  "js": "sha384-pku3birjgGovaJ9ngF7SaxKkF/eYUvBjiMJ+jTtWbNesIj2Rud2K63+4JD7EF4gk",
  "js-theme": "sha384-SoDJmj40r6f9Rfxi6Fq+bNS8ofhlZMyxHk9dq9Y8e1M17PZGkBRN/XUpx8swn0i5",
  "demo-css": "sha384-BUDq2P684xwRBf0GDlySvob+KJg4ko8y2K7njgvYBscmEuqoVVqJ75zcTDozwkFA",
  "demo-js": "sha384-UcTgbM9IZSOPHHuFa0R9H4TegQWoZkJKpeTjLV5hjem2k0CZ67Q4/bW2rT/Edf4Z"
}