{
  "imask": {
    "npm": "imask",
    "js": [
      "dist/imask.min.js"
    ]
  },
  "autosize": {
    "npm": "autosize",
    "js": [
      "dist/autosize.min.js"
    ]
  },
  "apexcharts": {
    "npm": "apexcharts",
    "js": [
      "dist/apexcharts.min.js"
    ]
  },
  "nouislider": {
    "npm": "nouislider",
    "js": [
      "dist/nouislider.min.js"
    ],
    "css": [
      "dist/nouislider.min.css"
    ]
  },
  "countup": {
    "npm": "countup.js",
    "js": [
      "dist/countUp.umd.js"
    ]
  },
  "lists": {
    "npm": "list.js",
    "js": [
      "dist/list.min.js"
    ]
  },
  "sortablejs": {
    "npm": "sortablejs",
    "js": [
      "Sortable.min.js"
    ]
  },
  "masonry": {
    "js": [
      "https://cdnjs.cloudflare.com/ajax/libs/masonry/4.2.2/masonry.pkgd.min.js"
    ]
  },
  "mapbox": {
    "js": [
      "https://api.mapbox.com/mapbox-gl-js/v1.8.0/mapbox-gl.js"
    ],
    "css": [
      "https://api.mapbox.com/mapbox-gl-js/v1.8.0/mapbox-gl.css"
    ]
  },
  "google-maps": {
    "js": [
      "https://maps.googleapis.com/maps/api/js?key=GOOGLE_MAPS_KEY"
    ]
  },
  "litepicker": {
    "npm": "litepicker",
    "js": [
      "dist/litepicker.js"
    ]
  },
  "tom-select": {
    "npm": "tom-select",
    "js": [
      "dist/js/tom-select.base.min.js"
    ],
    "css": [
      "dist/css/tom-select.bootstrap5.min.css"
    ]
  },
  "jsvectormap": {
    "npm": "jsvectormap",
    "js": [
      "dist/jsvectormap.min.js",
      "dist/maps/world.js",
      "dist/maps/world-merc.js"
    ],
    "css": [
      "dist/jsvectormap.css"
    ]
  },
  "fslightbox": {
    "npm": "fslightbox",
    "js": [
      "index.js"
    ]
  },
  "hugerte": {
    "npm": "hugerte",
    "js": [
      "hugerte.min.js"
    ]
  },
  "plyr": {
    "npm": "plyr",
    "js": [
      "dist/plyr.min.js"
    ],
    "css": [
      "dist/plyr.css"
    ]
  },
  "dropzone": {
    "npm": "dropzone",
    "js": [
      "dist/dropzone-min.js"
    ],
    "css": [
      "dist/dropzone.css"
    ]
  },
  "star-rating.js": {
    "npm": "star-rating.js",
    "js": [
      "dist/star-rating.min.js"
    ],
    "css": [
      "dist/star-rating.min.css"
    ]
  },
  "coloris.js": {
    "npm": "@melloware/coloris",
    "js": [
      "dist/umd/coloris.min.js"
    ],
    "css": [
      "dist/coloris.min.css"
    ]
  },
  "typed.js": {
    "npm": "typed.js",
    "js": [
      "dist/typed.umd.js"
    ]
  },
  "signature_pad": {
    "npm": "signature_pad",
    "js": [
      "dist/signature_pad.umd.min.js"
    ]
  },
  "clipboard": {
    "npm": "clipboard",
    "js": [
      "dist/clipboard.min.js"
    ]
  },
  "fullcalendar": {
    "npm": "fullcalendar",
    "js": [
      "index.global.min.js"
    ]
  },
  "turbo": {
    "npm": "@hotwired/turbo",
    "js": [
      "dist/turbo.es2017-umd.js"
    ],
    "head": true
  }
}
